{
  "paths" : [
    [
      {
        "from": {
          "x": 57.5,
          "y": 29.600006103515625
        },
        "to" : {
          "x": 66.5,
          "y": 29.600006103515625
        }
      },
      {
        "from" : {
          "x" : 66.5,
          "y" : 29.600006103515625
        },
        "to" :  {
          "x" : 165.5,
          "y" : 29.600006103515625
        }
      }
    ],
    [
      {
        "from": {
          "x": 200.5,
          "y": 350.600006103515625
        },
        "to" : {
          "x": 300,
          "y": 450.600006103515625
        }
      },
      {
        "from" : {
          "x" : 300,
          "y" : 450.600006103515625
        },
        "to" :  {
          "x" : 300,
          "y" : 500
        }
      }
    ]
  ]
}
